,country,trust_clean,trust_family,trust_neighborhood,trust_know_personally,trust_first_time,trust_another_religion,trust_another_nationality,confidence_churches,confidence_armed_forces,confidence_press,confidence_labour_unions,confidence_police,confidence_parliament,confidence_civil_services,confidence_big_regional_org,confidence_european_union,confidence_government,confidence_political_parties,confidence_major_companies,confidence_green_movement,confidence_justice_system,confidence_UN,trust_family_BIN,trust_neighborhood_BIN,trust_know_personally_BIN,trust_first_time_BIN,trust_another_religion_BIN,trust_another_nationality_BIN,confidence_churches_BIN,confidence_armed_forces_BIN,confidence_press_BIN,confidence_labour_unions_BIN,confidence_police_BIN,confidence_parliament_BIN,confidence_civil_services_BIN,confidence_big_regional_org_BIN,confidence_european_union_BIN,confidence_government_BIN,confidence_political_parties_BIN,confidence_major_companies_BIN,confidence_green_movement_BIN,confidence_justice_system_BIN,confidence_UN_BIN
0,AD,0.25574425,3.815737,2.7208376,3.2662015,2.058058,2.5257835,2.590909,2.002002,,2.245,1.8827727,2.883,2.2360122,2.5065064,2.415493,2.415493,2.441767,1.9574037,2.3997986,2.720322,2.5771947,2.4122984,0.98306775,0.6340977,0.8773679,0.2932933,0.57735085,0.62222224,0.2852853,,0.369,0.1814475,0.765,0.3743642,0.5605606,0.49899396,0.49899396,0.49096385,0.23022312,0.47633433,0.68812877,0.5832493,0.4889113
1,AL,0.025174825,3.9469273,2.7487755,3.2405593,1.4957507,2.3630338,2.2170022,2.5188076,2.7164285,1.8417722,1.5588663,2.5844429,1.3872101,2.1628895,2.8708751,2.8708751,1.6088483,1.3523608,1.9163439,2.069145,1.8508834,2.8761063,0.99650836,0.70118964,0.86853147,0.0927762,0.4749632,0.40715882,0.5124202,0.6292857,0.18635724,0.11700582,0.56902593,0.07659873,0.3427762,0.70731705,0.70731705,0.14817415,0.054968286,0.24089853,0.32267657,0.21696113,0.6998525
2,AM,0.17677514,3.8551953,2.81761,2.9458165,1.8298265,1.9486496,2.2670588,2.985926,3.1500556,1.9630872,1.8987566,2.2533631,1.8866214,2.1930232,2.1993659,2.1993659,2.0261462,1.7875,2.2386317,2.2672276,2.0483372,2.220617,0.98194546,0.72697,0.7677847,0.20967147,0.30391783,0.46078432,0.71518517,0.7799185,0.26584637,0.23134992,0.4241405,0.24263039,0.37906978,0.39714625,0.39714625,0.30807123,0.19734849,0.4140845,0.42588142,0.3217324,0.4084342
3,AR,0.20693277,3.8591409,2.9838383,3.0563948,2.1267893,2.6567163,2.6170213,2.5727365,2.169456,2.0940082,1.7787144,2.0799596,1.9364583,1.863777,2.16375,,2.0649745,1.742236,2.0945377,2.6150289,1.8785425,2.067402,0.98002,0.7808081,0.8066465,0.31595093,0.62112516,0.6103023,0.5534079,0.35564855,0.29958677,0.17492098,0.29453442,0.2375,0.18059856,0.36875,,0.3137056,0.12836438,0.2972689,0.59768784,0.20647773,0.31617647
4,AT,0.4846395,3.8332314,3.1130915,3.3105552,2.3087676,2.5165377,2.5758836,2.21598,2.7545626,2.1371217,2.4908378,3.2055047,2.4209535,2.606383,2.2808988,2.2808988,2.2891264,2.1148264,2.240956,2.6741855,2.8704503,2.3402867,0.98472816,0.84388447,0.9414277,0.3913596,0.5531316,0.5765766,0.37265918,0.6689742,0.3001853,0.5026178,0.86299694,0.43851945,0.57884854,0.4051186,0.4051186,0.4016342,0.26687697,0.35594314,0.6134085,0.7248612,0.4243807
5,AU,0.5401786,3.7591565,2.929169,3.4064589,2.484375,2.8264556,2.8540845,2.1848972,3.1332963,1.9755011,2.0773976,3.1035635,2.186592,2.4511237,,,2.1826282,1.8818941,2.256886,2.6057048,2.682149,2.5650454,0.9783574,0.85108757,0.97104675,0.55022323,0.790277,0.81070423,0.3420322,0.84829897,0.18930958,0.28266966,0.8363029,0.3,0.4764045,,,0.3129176,0.115877435,0.34963462,0.5961969,0.60604364,0.55599546
6,AZ,0.30360308,3.907366,2.7440944,3.0568054,1.7246964,1.951613,1.9334991,2.9585037,3.5101695,2.585163,2.576479,3.1595197,2.751348,2.9219859,2.1767411,2.1767411,3.3234115,2.231836,2.6296053,2.5673013,2.7493439,2.1588352,0.99665177,0.6512936,0.80821145,0.1474841,0.27233252,0.2778123,0.7299825,0.93559325,0.5756677,0.5764791,0.8187536,0.6638706,0.77718675,0.35151118,0.35151118,0.92615914,0.40819022,0.64078945,0.58371633,0.6988189,0.34480476
7,BA,0.0961313,3.8781903,2.8122094,2.951248,1.9265734,2.4657211,2.47191,2.642857,2.5949292,1.8456572,1.9737003,2.5291035,1.7675644,2.1236086,2.4366863,2.4366863,1.7533685,1.6186839,2.1882071,2.2713687,1.9624634,2.3392646,0.9924594,0.6895349,0.7533372,0.23892774,0.52600473,0.5310467,0.56674474,0.5471698,0.16549295,0.2593272,0.5605355,0.16100703,0.31751612,0.48816568,0.48816568,0.17867604,0.12573443,0.36509827,0.40047818,0.2739003,0.44424674
8,BD,0.1292744,3.9841535,3.1993327,2.8187184,1.8770903,2.104149,1.8221447,3.9275,3.3389122,2.8926175,2.7113044,2.4308467,3.0077188,2.884305,2.81621,,3.1095197,2.3617747,2.790279,2.7428308,3.0101266,3.0137277,0.99916595,0.9174312,0.6677909,0.20652173,0.30313295,0.17436792,0.9975,0.9046025,0.715604,0.62608695,0.45431685,0.76929677,0.73721975,0.6712329,,0.82055604,0.4496587,0.65256524,0.6484736,0.7864979,0.76346356
9,BG,0.18050066,3.8908973,2.7548513,3.1095362,2.0200388,2.3374486,2.323816,2.3037724,2.3253095,1.9696552,1.8647846,2.2665358,1.8059406,2.0293913,2.5020747,2.5020747,1.9771044,1.7421927,1.9086143,2.0875645,1.8323232,2.3397534,0.99225307,0.7141009,0.88466495,0.27407888,0.45884773,0.44428968,0.37723362,0.41471803,0.17103449,0.15601783,0.35756385,0.1610561,0.21973407,0.49170125,0.49170125,0.21616162,0.13754153,0.1977528,0.2781457,0.15151516,0.4229584
10,BO,0.085979484,3.3518877,2.1473582,2.4657269,1.500727,2.030928,1.6815287,2.6274319,2.1378284,2.150272,1.8901044,1.8350315,1.715886,1.8098522,2.0119214,,2.0564833,1.600686,2.1913395,2.5210257,1.8200101,2.0057805,0.81703776,0.33688802,0.48371413,0.10518662,0.32891506,0.1788339,0.49270427,0.2756569,0.25308946,0.1521631,0.15186803,0.09725051,0.11083744,0.21598879,,0.2367387,0.05536502,0.28902316,0.4651282,0.14328809,0.2209377
11,BR,0.06647399,3.4549086,2.4695299,2.6189656,1.7993059,2.4706616,2.0929928,2.755672,2.7104638,2.1211052,2.0486283,2.458837,1.548538,2.3576813,2.1966784,,1.7098837,1.4696004,2.4445791,2.6539683,2.4095464,2.3539681,0.90525115,0.5414974,0.61091954,0.23192596,0.5649189,0.39685658,0.6881908,0.6373365,0.3915344,0.35723191,0.55325276,0.1619883,0.502029,0.4493007,,0.23023255,0.13781123,0.5596608,0.62666667,0.5232764,0.5119048
12,BY,0.4250681,3.857329,2.8726914,3.064918,2.0140188,2.3836432,2.386263,2.7316077,2.765531,2.2741184,2.4850798,2.66377,2.44,2.1766343,2.3171875,2.3171875,2.5412185,2.0993378,2.4977307,2.625183,2.6383276,2.4055512,0.99218243,0.72889185,0.85114753,0.20961282,0.44684014,0.44313148,0.62874657,0.6693387,0.3938789,0.5350451,0.6223262,0.5092857,0.3379694,0.4375,0.4375,0.56057346,0.29654157,0.5234493,0.61200583,0.6222997,0.5011565
13,CA,0.4950224,3.5803883,2.9435043,3.3708313,2.4487307,2.8937283,2.9260826,2.2672973,2.8967147,2.3449478,2.3481832,2.8016427,2.398457,2.5890992,2.2934296,,2.4131408,2.0756595,2.2899454,2.6291687,2.6485813,2.5791438,0.94997513,0.82752615,0.9599303,0.50821304,0.8051269,0.82752615,0.39671478,0.7478845,0.44151318,0.43802887,0.6938776,0.46017918,0.58412147,0.37630662,,0.48282728,0.24265803,0.3703335,0.61871576,0.6112494,0.5818815
14,CH,0.60809946,3.7709126,2.9761147,3.2908456,2.481789,2.815901,2.880983,2.1774864,2.5487492,2.1826832,2.3496573,3.03906,2.5998712,2.7045236,2.1331618,2.1331618,2.7384715,2.1341584,2.227593,2.662612,2.7890851,2.4384716,0.9790875,0.8519108,0.9643992,0.54472846,0.7650701,0.8072445,0.3431404,0.5561257,0.31049794,0.43650016,0.8602731,0.5972938,0.675008,0.30524284,0.30524284,0.68623024,0.2611527,0.33994877,0.63860434,0.72038525,0.4915803
15,CL,0.14271048,3.6376376,2.7414486,2.6475327,1.9677744,2.2639198,2.2454448,2.349446,2.425403,2.3929293,2.4350162,2.4042554,1.834525,2.2239263,2.472789,,2.1841302,1.6876267,2.2753327,2.6580844,2.1242363,2.4004474,0.9229229,0.64889336,0.61732125,0.23564954,0.38418707,0.37942123,0.4431017,0.47076613,0.46767676,0.50698173,0.4620061,0.18794689,0.38548058,0.5249433,,0.37741607,0.16125761,0.40839303,0.6014418,0.30855396,0.46085012
16,CN,0.65437025,3.8463826,2.9917383,3.0152066,1.9506949,1.9836558,1.9275943,2.0033255,3.4573696,2.768135,2.7671325,3.1265697,3.305096,3.1175885,,,3.4390485,3.2786613,2.7737105,2.9429708,3.135341,,0.99306244,0.8397224,0.8816529,0.13401721,0.20346898,0.17117117,0.20851347,0.957039,0.6747267,0.69826114,0.85492396,0.925546,0.8684995,,,0.9544103,0.9115308,0.712812,0.8146552,0.8626737,
17,CO,0.045394737,3.5460527,2.3526316,2.543421,1.6993421,2.0875,1.9210526,2.8138158,2.4546053,2.0177631,1.8927631,2.1671052,1.6927632,1.7868421,1.9267101,,1.8828948,1.6953948,2.2394736,2.5565789,1.9098685,2.223598,0.89342105,0.4506579,0.5539474,0.14342105,0.34013158,0.2598684,0.5539474,0.3881579,0.15394737,0.1125,0.24671052,0.053947367,0.080921054,0.14332248,,0.11907895,0.051973686,0.28092104,0.45986843,0.13223684,0.28769118
18,CY,0.08020833,3.8693466,2.9306123,2.9858012,1.7535788,2.1099138,2.0968783,2.662526,2.84535,2.2435896,2.215536,2.6885245,2.1374207,2.4136126,2.3311758,2.3311758,2.2910995,1.8801696,2.2219706,2.5730338,2.5884817,2.2021978,0.98291457,0.7214286,0.76369166,0.1400818,0.30603448,0.2981701,0.58178055,0.65621734,0.375,0.38621444,0.5840164,0.33615223,0.4764398,0.4455232,0.4455232,0.3937173,0.20042418,0.38505095,0.58764046,0.5528796,0.3846154
19,CZ,0.2877747,3.7389278,2.951613,3.1943145,2.280233,2.414168,2.3336987,1.9171975,2.467326,2.078518,2.2088072,2.6878378,1.9487797,2.3513513,2.1230824,2.1230824,2.0003433,1.8173974,2.289571,2.2474005,2.4179673,2.2616343,0.958375,0.80409944,0.8976589,0.3908873,0.5157421,0.46381578,0.24769993,0.49629107,0.28552005,0.38862386,0.6189189,0.22722585,0.43035343,0.34449095,0.34449095,0.24545142,0.15395236,0.40680474,0.38723558,0.4658342,0.41883475
20,DE,0.452777,3.8334692,2.9452887,3.2118807,2.1777399,2.6277742,2.6499376,2.171233,2.5220182,2.2528386,2.4443073,3.0579352,2.3341837,2.6034968,2.3700173,2.3700173,2.295128,2.030554,2.054467,2.675007,2.7870734,2.3956275,0.9845151,0.8179055,0.94716674,0.33191368,0.6382372,0.64806736,0.3313356,0.5319335,0.37385765,0.49460045,0.85063154,0.41950113,0.59447265,0.44656268,0.44656268,0.40242186,0.2055968,0.21988472,0.6416451,0.68494684,0.45792153
21,DK,0.7742225,3.9233751,3.4220486,3.7894266,2.9136102,3.0320904,3.1091464,2.6998158,2.8851616,2.1930828,2.6363914,3.2263362,2.490685,2.585564,2.4082317,2.4082317,2.3094807,2.201765,2.4556923,2.646628,3.1006024,2.7838087,0.9958259,0.9495344,0.9931302,0.8250985,0.8484108,0.8902439,0.6519337,0.7494711,0.2944361,0.6165803,0.894894,0.5027043,0.5786466,0.46615854,0.46615854,0.40791062,0.28880098,0.4796923,0.61641747,0.8391566,0.70837164
22,EC,0.05862362,3.4323874,2.245409,2.3430717,1.4720134,1.8565401,1.7356418,3.1310518,2.6767933,2.1986532,2.0417733,2.557131,1.8319328,1.6564885,2.2308428,,2.088533,1.691016,2.4519393,2.732773,2.2853515,2.3330405,0.84223706,0.3806344,0.4190317,0.07769424,0.21181434,0.1731419,0.7512521,0.5915612,0.3644781,0.30093777,0.52877396,0.2184874,0.14843087,0.4118774,,0.32209107,0.17128463,0.49578413,0.6319328,0.4098222,0.44288224
23,EE,0.3390491,3.876659,2.971698,3.2881486,2.2091196,2.5798016,2.7037976,2.3586006,2.8441,2.1836896,2.451724,3.014996,2.2075782,2.717863,2.5149124,2.5149124,2.3920267,1.8699324,2.4171429,2.7049327,2.672743,2.4543378,0.989071,0.8191824,0.9419055,0.3553459,0.606853,0.69535863,0.46355686,0.7278209,0.30482978,0.49655172,0.8216259,0.3360791,0.67863107,0.54122806,0.54122806,0.45182723,0.14273648,0.46571428,0.66098654,0.6232639,0.51598173
24,EG,0.07351713,3.9266667,3.1901584,3.3402836,1.9035234,2.4644067,1.8507067,2.973572,,1.5947467,1.6058496,,1.5404859,1.9053926,1.7182236,,,1.2987458,2.0744126,1.6769457,,1.2844975,0.9941667,0.85738117,0.88573813,0.19463088,0.5186441,0.18904594,0.7280477,,0.09474672,0.1448468,,0.09311741,0.21192053,0.16845329,,,0.031927023,0.33159268,0.1483113,,0.037478704
25,ES,0.41038525,3.8387096,2.967554,3.361226,2.3683333,2.6746454,2.729094,2.1352253,2.5713086,2.1928513,2.0392158,2.782753,2.1619778,2.4614732,2.5518134,2.5518134,1.8806722,1.8369747,2.2694612,2.6842105,2.4561403,2.423519,0.98263025,0.7861897,0.9212925,0.44333333,0.64450353,0.6681185,0.34140235,0.5662752,0.33167082,0.2736573,0.6666667,0.3316283,0.4843353,0.5431779,0.5431779,0.22857143,0.18739496,0.39435413,0.62467647,0.47535506,0.4571176
26,ET,0.11908646,3.8723576,3.0968268,2.7110205,2.334421,2.4198036,1.9441625,3.6175752,3.0633862,2.2878933,2.4942195,2.6019738,2.4876192,2.589618,2.6345062,,2.8065844,2.01085,2.699282,2.8517873,2.736711,2.6819196,0.9902439,0.86737186,0.6857143,0.47960848,0.55728316,0.2994924,0.92270136,0.7689741,0.40610105,0.5317919,0.58799344,0.54190475,0.5954946,0.61975026,,0.66255146,0.31374323,0.62657094,0.7149085,0.6420266,0.64508927
27,FI,0.722175,3.8802345,3.3729959,3.510101,2.6385336,2.9329853,2.946585,2.5606446,3.2630692,2.453006,2.4840655,3.4107292,2.4429417,2.5792162,2.3645744,2.3645744,2.3712828,2.04811,2.3630078,2.5224137,3.00254,2.5705628,0.9891122,0.92827004,0.97979796,0.6513214,0.7980853,0.82224166,0.5589483,0.89966273,0.47840813,0.5167959,0.95054483,0.47844464,0.5775128,0.43422183,0.43422183,0.45284623,0.19072165,0.42178047,0.5465517,0.8230313,0.56017315
28,FR,0.28091106,3.640667,2.9132369,3.3028016,2.1843698,2.7345972,2.7768116,2.2269664,3.0081656,2.0738328,2.1321487,2.9621007,2.170308,2.4868853,2.393803,2.393803,2.0302863,1.6953168,2.3227425,2.6492412,2.582876,2.5570352,0.9440559,0.79310346,0.9310345,0.36929002,0.7180095,0.7437681,0.41910112,0.8007621,0.30184582,0.36146584,0.80346507,0.36638656,0.552459,0.5025352,0.5025352,0.3243392,0.1184573,0.43645486,0.6408094,0.59055984,0.59293574
29,GB,0.44533947,3.8020525,3.0402298,3.4984033,2.4710345,2.9595888,2.9741828,2.2962267,3.176539,1.8568474,2.270516,2.8627002,2.0842032,2.5103118,2.2566562,2.2566562,2.0338163,1.9118125,2.2855446,2.765207,2.7665021,2.5707629,0.9808438,0.85011494,0.97194344,0.5570115,0.8424199,0.8597821,0.38223577,0.8436701,0.13832721,0.37272727,0.715103,0.269775,0.5208633,0.38546413,0.38546413,0.25557855,0.14829427,0.3622122,0.68828404,0.6619685,0.5619328
30,GE,0.10768523,3.8293016,2.9420156,2.8941822,1.9486349,2.2966304,2.4165485,3.2078886,3.0937645,2.1338062,2.0230012,2.600463,2.0562649,2.5769045,2.500502,2.500502,2.187907,1.8669238,2.161709,2.4240787,2.2594936,2.4615386,0.9853948,0.8067188,0.7869904,0.15178159,0.42097768,0.50496453,0.7800464,0.78244805,0.29267138,0.26998904,0.57592595,0.3002364,0.56492573,0.5391566,0.5391566,0.37581396,0.20684667,0.3272039,0.4987715,0.39386562,0.5209086
31,GR,0.08417509,3.9074228,2.7012553,3.062814,1.7142857,1.930192,1.9193825,2.8224456,3.074387,1.8128161,1.8455358,2.8366835,1.7044877,2.352349,1.9831508,1.9831508,1.6536833,1.5647756,2.1917455,2.3818343,2.5981388,2.0889277,0.9958299,0.6175732,0.8232831,0.10168067,0.21204188,0.2058319,0.6482412,0.8123415,0.12647554,0.19285715,0.7035176,0.14733277,0.43372482,0.26368997,0.26368997,0.13378493,0.07366639,0.3250215,0.46560848,0.58714044,0.3034002
32,GT,0.179821,3.7066557,2.4450915,2.7857733,1.8329197,2.3322203,2.1254153,3.0829942,2.0406835,2.0162735,1.8242474,1.8771359,1.628153,1.6419853,1.6908056,,1.6802279,1.5915378,2.0040684,2.268511,1.8299431,2.0642798,0.957272,0.48502496,0.6600496,0.18693134,0.4390651,0.33222592,0.7054516,0.22701383,0.20179008,0.14320585,0.14483319,0.08706265,0.08706265,0.12123678,,0.091131,0.06753458,0.23759153,0.37347436,0.13995118,0.27176565
33,HK,0.39496613,3.6916022,2.7058253,2.9893873,2.1216674,2.4689655,2.4518192,2.5396357,2.5438423,2.5225837,2.3551588,2.704116,2.2000976,2.543996,2.118624,,2.4997582,2.0476658,2.4985251,2.644628,3.0234146,2.5662467,0.969112,0.6907767,0.8876025,0.23267087,0.50689656,0.48672566,0.55194485,0.5320197,0.51918405,0.40327382,0.65084743,0.30990726,0.550316,0.26809016,,0.5229579,0.21425061,0.5152409,0.6178901,0.7995122,0.55516374
34,HR,0.17598344,3.7616792,2.796472,3.1114864,2.1258693,2.695557,2.7438316,2.1906722,2.5840893,1.7049519,1.7975035,2.356753,1.4753762,2.0123627,2.0299652,2.0299652,1.6065233,1.402069,1.9597173,2.2286115,1.6984236,2.035261,0.97224104,0.7204885,0.86554056,0.31154382,0.6707939,0.70029026,0.35185185,0.5910677,0.09353507,0.13176145,0.44474763,0.06566347,0.2396978,0.25574914,0.25574914,0.08743928,0.03448276,0.19222614,0.3569425,0.13091159,0.264457
35,HU,0.28456914,3.9145696,3.1382978,3.1598144,2.295257,2.6774194,2.5853658,2.335826,2.5872252,1.8785425,1.951719,2.7941177,2.1918645,2.5656016,2.393204,2.393204,2.203018,1.7855172,2.2739725,2.5510924,2.4470828,2.363312,0.992053,0.8424202,0.9018568,0.41750166,0.6493689,0.5986063,0.4221618,0.56524724,0.19163293,0.23335771,0.67713904,0.36474577,0.5676411,0.44590846,0.44590846,0.3909465,0.15517241,0.39726028,0.5574348,0.49864316,0.43254817
36,ID,0.051891215,3.638637,2.6485302,2.5,1.590369,2.1235497,1.8524125,3.8420887,3.3501725,2.5133522,2.527982,2.874257,2.5317335,2.9555137,2.697582,,3.145055,2.2341032,2.675838,3.0605106,2.9877436,2.8730419,0.95029694,0.58536583,0.5,0.09193246,0.32361242,0.21192053,0.98405254,0.88421714,0.48947534,0.5151903,0.6706287,0.4998421,0.7465539,0.61146075,,0.7934066,0.3596963,0.5860215,0.7970375,0.7181018,0.68048304
37,IN,0.17685851,3.8326435,3.043761,3.0374331,2.111444,2.5629897,2.1653748,3.5561497,3.4798071,2.7913043,2.8121898,2.882808,3.007742,3.1215012,2.5916774,,2.7876961,2.298773,2.613621,3.0606709,3.0655837,2.8380356,0.9615612,0.801301,0.7670826,0.33732775,0.58047014,0.376615,0.89007723,0.8667872,0.6583851,0.6562722,0.66686493,0.7451613,0.80089056,0.5825748,,0.65199035,0.4165644,0.5509103,0.77301925,0.7515042,0.6907001
38,IQ,0.112436116,3.9274395,3.1180904,3.146321,1.9199319,2.3055313,1.9715809,2.7138019,2.9974833,2.3243477,2.1362371,2.6505706,1.4807355,2.0832596,1.8645731,,1.7256255,1.445122,1.8684211,2.0474834,2.3313253,1.8846899,0.98415345,0.81407034,0.79180604,0.24531516,0.42932397,0.28863233,0.5495343,0.715604,0.39826086,0.34198332,0.5741879,0.12084063,0.33215234,0.26496565,,0.19930975,0.10627177,0.25469926,0.32478634,0.43287435,0.2635659
39,IR,0.14839572,3.832555,2.8874748,3.0347593,1.9852941,2.594576,2.0068073,3.0489604,3.5979798,2.550403,2.4908192,3.2771084,2.6453369,2.7990623,2.5358808,,2.4150436,2.2973902,2.4322846,2.9599729,3.016129,2.2975206,0.98532355,0.78834563,0.86229944,0.34024063,0.65855354,0.3424098,0.78470826,0.92457914,0.6055108,0.53177965,0.8514056,0.64874065,0.7200268,0.6421249,,0.52048355,0.5048077,0.5198358,0.7632293,0.7694892,0.46349862
40,IS,0.65769714,3.853358,3.128205,3.4393563,2.6061752,3.0220492,3.06491,2.4022417,,2.2186337,2.5622666,3.2516966,2.3100872,2.6373973,2.2950928,2.2950928,2.1515722,2.0333123,2.214829,2.7183907,2.6693954,2.8613281,0.99199015,0.9205754,0.9938119,0.626339,0.8904021,0.9138817,0.47260273,,0.29875776,0.54420924,0.898211,0.37671232,0.6304485,0.42904508,0.42904508,0.32830188,0.18604651,0.3225602,0.66283524,0.61838794,0.7480469
41,IT,0.28475335,3.8369231,2.8712256,2.8138509,2.0923283,2.5140188,2.5317388,2.5334523,2.9104676,2.187724,2.0359092,2.999557,2.0934412,2.2550335,2.3155007,2.3155007,2.005398,1.7814183,2.4414747,2.6076534,2.3155296,2.5196445,0.9868132,0.75,0.7388619,0.27921498,0.5556075,0.55565774,0.53300625,0.7608018,0.3203405,0.26545453,0.8068232,0.2884097,0.35794184,0.4206676,0.4206676,0.24246514,0.12701975,0.48387095,0.5975104,0.4169659,0.5383536
42,JO,0.159699,3.8786368,2.9874372,3.0549085,2.030025,2.4239316,2.294017,2.9435415,3.7228715,2.1880417,2.4766839,3.641841,1.4309734,2.264836,1.7936693,,2.1896384,1.4208243,2.077001,2.3720136,3.245509,1.6224018,0.9817124,0.7872697,0.8169717,0.29858217,0.5307692,0.47350428,0.69289994,0.9490818,0.32842287,0.4818653,0.93138075,0.10619469,0.39238265,0.23915592,,0.42521995,0.106290676,0.3272543,0.4641638,0.79811805,0.19053118
43,JP,0.3559719,3.6986506,2.6462152,2.9793735,1.8674588,1.9491526,2.102564,1.6533333,3.1158147,2.7278965,2.4519231,2.9662318,2.23782,2.434039,2.4233577,,2.3588092,2.1767168,2.5303159,2.5022542,3.0381494,2.5948553,0.988006,0.64701194,0.8647823,0.1297989,0.21549636,0.26251528,0.08916666,0.870607,0.714939,0.49903846,0.81657714,0.34764656,0.49185666,0.47688565,,0.43362832,0.29061976,0.5473954,0.5383228,0.8555195,0.6034298
44,KE,0.095846646,3.7525773,2.7066772,2.8369133,1.9120704,2.3887098,2.1248994,3.354531,2.722355,2.8141026,2.3982012,2.2211537,2.2439418,2.4927418,2.7971737,,2.4308681,1.9292108,2.554109,2.8051739,2.5484388,2.9236515,0.9651071,0.65262324,0.68098646,0.2533973,0.4782258,0.3601934,0.7980922,0.5887033,0.6266026,0.43826655,0.35977563,0.36914378,0.46129033,0.62094766,,0.45578778,0.23433685,0.5256306,0.62085694,0.51080865,0.67634857
45,KG,0.118487395,3.8673894,3.0619247,2.9077182,1.8943365,2.077645,2.3018708,3.1079931,2.882553,2.4105902,2.4806786,2.4298987,2.1793993,2.5884354,2.759887,2.5909548,2.4791844,2.1268334,2.4623468,2.6822596,2.2427351,2.711946,0.9908257,0.8033473,0.7340604,0.16568047,0.30290103,0.43537414,0.78741497,0.7080851,0.45572916,0.52120644,0.49493244,0.37682402,0.6096939,0.69585687,0.6080402,0.5335599,0.33390853,0.5262697,0.65225065,0.3957265,0.67148364
46,KR,0.32931727,3.7951808,2.9028113,2.9212852,1.962249,2.117269,1.9742972,2.5526104,2.5333333,2.4570282,2.4016063,2.573494,1.9598393,2.5598392,2.6160643,,2.4771085,2.0963855,2.395984,2.6803212,2.6232932,2.7975903,0.9935743,0.7638554,0.8136546,0.1751004,0.25943774,0.19116466,0.5172691,0.5389558,0.49558234,0.41686746,0.5654619,0.20722891,0.56465864,0.5935743,,0.51325303,0.24497992,0.43534136,0.64819276,0.615261,0.6987952
47,KZ,0.23891626,3.8509803,2.8113654,2.813291,1.8386327,2.261745,2.3619528,3.1901352,3.1678658,2.6942017,2.6243863,2.788889,2.8193548,2.8154953,2.8262787,,2.8854167,2.6814516,2.5821137,2.7074602,2.7693536,2.7481885,0.97333336,0.6985004,0.71677214,0.20111288,0.41191274,0.46464646,0.8019093,0.82494,0.60047656,0.56792146,0.6595238,0.66451615,0.67651755,0.68871254,,0.7011218,0.59032255,0.54146343,0.61106455,0.6424581,0.6503623
48,LB,0.09916667,3.8083334,2.7042606,2.6513379,1.8881469,2.2947104,2.1072927,2.4623115,3.4862385,2.0219223,1.9292413,2.6625,1.8208579,1.7701442,1.6818572,,1.9092437,1.7596638,1.9161625,1.9896908,2.2745593,1.8163793,0.9741667,0.6708438,0.6279264,0.22621036,0.46851385,0.37720034,0.47319934,0.8940784,0.20404722,0.19181585,0.555,0.13793103,0.124681935,0.1427343,,0.2,0.13109244,0.22904062,0.22164948,0.3434089,0.18275861
49,LT,0.32785714,3.6792452,2.9606824,3.0007143,2.0937746,2.2166517,2.2664266,2.9371648,2.838514,2.6214647,2.4396176,2.8207548,2.066426,2.4273765,2.7200315,2.7200315,2.3365242,1.9450223,2.2127845,2.5970635,2.5101275,2.6663709,0.9860238,0.81602377,0.87,0.20094563,0.33840644,0.38523853,0.76551723,0.78013647,0.6243655,0.48566464,0.7445573,0.23610108,0.4973384,0.7082019,0.7082019,0.4263623,0.18053491,0.33362523,0.61256117,0.52588147,0.6690328
50,LV,0.2257564,3.7739263,2.7401216,3.0711043,2.030209,2.352185,2.4357913,2.4490447,2.9138198,2.1590214,2.3602874,2.7505739,1.9867188,2.635449,2.55739,2.55739,2.0618715,1.6460937,2.5642915,2.648,2.533385,2.3800647,0.9849284,0.699848,0.90468985,0.21766073,0.4318766,0.47721624,0.522293,0.746118,0.35703364,0.48966756,0.70466715,0.275,0.6671827,0.5794025,0.5794025,0.3062645,0.1109375,0.6052416,0.6544,0.57763976,0.4878444
51,LY,0.09268708,3.9120603,3.1090603,3.1626153,1.9081719,1.898451,2.0093856,3.4130068,2.5012722,1.7237521,1.8299905,2.6008475,1.5238938,2.230971,1.7338263,,2.0811517,1.3246511,1.8839623,2.0948768,2.6311264,1.6596136,0.9916248,0.8397651,0.853311,0.2502106,0.28829604,0.33959043,0.8310811,0.48261237,0.11531842,0.1556829,0.50932205,0.098230086,0.3062117,0.17837338,,0.29668412,0.03255814,0.19245283,0.2836812,0.52966464,0.14351426
52,MA,0.165,3.5775,2.6741667,2.7241666,2.03,2.0933332,2.0891666,2.8916667,2.74,2.0725,2.04,2.5025,1.96,2.2158334,2.1116667,,1.9825,1.9033333,2.1158333,2.365,2.3091667,2.1416667,0.93666667,0.6325,0.635,0.28083333,0.30833334,0.30333334,0.6533333,0.58,0.22666667,0.22583333,0.47333333,0.20083334,0.335,0.28083333,,0.21,0.18666667,0.27833334,0.44166666,0.3825,0.29416665
53,ME,0.2208589,3.8601398,2.992,2.961078,2.2459838,2.4712527,2.435233,3.2036848,2.6045082,1.9433198,2.0490928,2.459152,2.2035866,2.2670808,2.5434322,2.5434322,2.210084,2.065762,2.2290323,2.2797494,2.2357895,2.465885,0.988012,0.829,0.7954092,0.36646587,0.4825462,0.46943006,0.8106448,0.5717213,0.22469635,0.2614728,0.48914167,0.3470464,0.35921326,0.55932206,0.55932206,0.37289914,0.29853863,0.36021507,0.39874738,0.36,0.5138593
54,MK,0.1505174,3.8399282,2.8696833,3.035326,1.9908842,2.439423,2.4453049,2.9166667,2.7265193,2.0264359,1.9161905,2.4564428,2.0091743,2.2177122,2.4208531,2.4208531,1.8643446,1.7308756,2.2244701,2.2839622,2.046168,2.4386299,0.9865108,0.77918553,0.8451087,0.278031,0.5298077,0.53823817,0.6929348,0.63627994,0.30537832,0.25904763,0.5235935,0.31376147,0.38745388,0.5004739,0.5004739,0.25206232,0.2,0.4132948,0.43396226,0.32686982,0.5128449
55,MM,0.15083334,3.7408333,2.8408334,2.9241667,2.2708333,1.8883333,1.8675,3.2816668,2.0266666,2.5725,2.8541667,2.5791667,2.9216666,2.9408333,3.0175,,3.1016667,2.7541666,2.7541666,3.0658333,2.5808334,3.0516667,0.9683333,0.715,0.7475,0.41333333,0.29333332,0.29,0.8408333,0.3325,0.57166666,0.72,0.60333335,0.75916666,0.7575,0.7916667,,0.8016667,0.6825,0.6825,0.8066667,0.5966667,0.80083334
56,MN,0.27495408,3.6978023,2.9358974,2.9310133,2.1031747,2.0616605,1.9688644,2.0522387,2.4412344,2.3441064,2.3026953,2.5107732,2.1147327,2.3296633,2.256167,,2.3042092,1.9850552,2.240566,2.3511348,2.336508,2.5314844,0.9542124,0.74542123,0.73748475,0.30647132,0.32234433,0.2924298,0.26390773,0.46749836,0.38086185,0.3787146,0.48542458,0.28292048,0.40608808,0.36812145,,0.38584185,0.23846653,0.36051214,0.4152203,0.3968254,0.5022489
57,MO,0.43801653,3.7478006,2.8715687,3.0244617,2.231827,2.3624754,2.3320236,2.5476892,2.8165681,2.59882,2.5725567,2.8543308,2.6729064,2.7110453,,,2.777559,2.6263628,2.7735848,2.8257873,2.8837438,2.8280632,0.9599218,0.75784314,0.8962818,0.30550098,0.41159135,0.38801572,0.5280236,0.6755424,0.5594887,0.55873644,0.7362205,0.64236456,0.6607495,,,0.68700784,0.59266603,0.714995,0.742126,0.7596059,0.7440711
58,MV,0.21324246,3.7805583,2.884913,3.0347154,1.6673133,1.8333334,2.0705884,3.0463767,3.0222008,2.0125847,2.5343812,2.7524085,1.6201551,2.3967023,2.6134787,,2.03485,1.5374149,2.3217053,2.6887805,2.2879226,2.6210938,0.9653513,0.7263056,0.7859209,0.15130942,0.23372781,0.32647058,0.7584541,0.7335907,0.2594385,0.5373281,0.6223507,0.14147286,0.4742968,0.55004954,,0.29719263,0.11564626,0.40600777,0.60487807,0.41352656,0.57421875
59,MX,0.102991946,3.644457,2.495397,2.3683908,1.5908046,2.0267286,1.8214078,2.8341014,2.5532408,1.985524,1.7586612,1.8100172,1.6273255,1.6358279,2.1032095,,1.678366,1.5068965,2.0700526,2.15625,1.8276063,2.17125,0.92016083,0.50057536,0.42988506,0.13103448,0.3050552,0.23327516,0.6186636,0.5115741,0.2744644,0.20258367,0.21473806,0.14593023,0.16440777,0.3310258,,0.17491369,0.11436781,0.32691184,0.37087265,0.22248107,0.37875
60,MY,0.19573496,3.7242956,2.8118813,3.0129476,1.8804265,2.4836252,2.178218,3.202744,2.9382622,2.344775,2.640244,2.6867378,2.3600304,2.6735318,2.6646295,,2.4824696,2.1731503,2.6822002,2.9396946,2.7667682,2.6019862,0.98476774,0.7425743,0.84996194,0.14927647,0.50266564,0.3130236,0.84984756,0.74542683,0.38443935,0.589939,0.5952744,0.4225782,0.60030514,0.59969443,,0.5015244,0.3150267,0.62261266,0.7748092,0.6272866,0.5561497
61,NG,0.12682927,3.4700162,2.7036438,2.6601942,1.9611336,2.291633,2.0666125,3.560324,2.6311076,2.6055646,2.4950082,1.9425101,2.1729507,2.4621027,2.6160963,,2.3081913,2.1056051,2.611386,2.647399,2.376634,2.687156,0.8857374,0.61700404,0.5946602,0.25991902,0.42648253,0.3216897,0.8842105,0.5504886,0.5458265,0.47920132,0.27044535,0.34016395,0.46862265,0.54856616,,0.40470397,0.32981315,0.55775577,0.56647396,0.43545753,0.5816514
62,NI,0.0425,3.4433334,2.2333333,2.54,1.5508333,2.0866666,1.6641667,3.0075,1.9375,1.9208333,1.7325,2.045,1.8141667,1.7916666,,,2.0641668,1.7075,2.015,2.6608334,1.9775,2.0858333,0.87583333,0.39833334,0.5341667,0.108333334,0.35666665,0.18166667,0.67333335,0.22083333,0.18416667,0.111666664,0.2575,0.17416666,0.15583333,,,0.275,0.119166665,0.21166667,0.5575,0.22416666,0.28166667
63,NIR,0.40732265,3.7770271,3.1412556,3.4741573,2.4081633,3.0114417,2.928899,2.4794521,2.8051045,1.8538812,2.3876543,2.7312074,1.7927107,2.5325582,2.3696682,2.3696682,1.8363637,1.7431818,2.2235577,2.74092,2.7249417,2.571782,0.9774775,0.9013453,0.98202246,0.5147392,0.8604119,0.8211009,0.49086758,0.68213457,0.1324201,0.45679012,0.66287017,0.13439636,0.53488374,0.45734596,0.45734596,0.175,0.1,0.33173078,0.6779661,0.6340326,0.5792079
64,NL,0.6172782,3.814505,3.353653,3.620486,2.7449317,3.0,2.9840717,1.9740039,2.6052697,2.2514458,2.3929904,2.7902484,2.2842555,2.312351,2.24618,2.24618,2.3009753,2.0347886,2.2561421,2.488101,2.6910112,2.44623,0.9762766,0.9120521,0.9797865,0.72960865,0.826284,0.8305127,0.23493683,0.60108346,0.36525562,0.455133,0.7288408,0.38518167,0.3795899,0.38127577,0.38127577,0.40966094,0.2087322,0.3403065,0.52428365,0.6381086,0.5023486
65,NO,0.7511271,3.9090097,3.2930567,3.6291332,2.6974866,2.976428,3.027174,2.4991007,2.9569507,2.366637,2.8084326,3.1659234,2.8258123,2.7813067,2.398705,2.398705,2.634892,2.3330326,2.5327792,2.6146872,3.140414,2.9540863,0.9910794,0.9215509,0.9821269,0.7010772,0.84768814,0.8677536,0.51258993,0.8017937,0.40945584,0.73327225,0.88403213,0.72924185,0.7268602,0.4625347,0.4625347,0.6178058,0.37184116,0.53647274,0.593835,0.87758774,0.7988981
66,NZ,0.5950249,3.786615,3.0574596,3.489756,2.481915,2.8327272,2.8536866,2.2699897,3.1090908,2.1530814,2.187643,3.2160313,2.4117646,2.5530787,,,2.5514781,2.0978372,2.367457,2.6579223,2.888335,2.526257,0.9844811,0.89616936,0.9765854,0.56276596,0.80242425,0.80875576,0.38213915,0.8575758,0.27932405,0.32951945,0.87781036,0.42518058,0.54352444,,,0.53924567,0.21627188,0.42564654,0.6348373,0.71485543,0.5441341
67,PE,0.053046595,3.6082916,2.1037197,2.1954188,1.4813486,1.888484,1.5983965,2.7784946,2.2364817,1.9732078,1.7420574,1.9498208,1.2971015,1.4720407,2.1426203,,1.5524982,1.3470418,1.9873418,2.350718,1.5326087,2.176814,0.89492494,0.3040057,0.32856122,0.07962697,0.2164723,0.13046648,0.6107527,0.36193222,0.2353367,0.14599092,0.25878137,0.05,0.0885984,0.32504147,,0.110789284,0.060606062,0.25763217,0.43613002,0.11231884,0.3411176
68,PH,0.053467,3.8108332,2.87,2.9499583,2.0208333,2.3083334,2.0683334,3.6238532,3.0391667,2.855,2.7231026,3.1183333,2.8116667,2.9491243,2.909925,,3.1166666,2.6708333,2.764804,3.0717263,3.0566666,2.9266055,0.9825,0.7325,0.7623019,0.2425,0.39833334,0.28083333,0.9165972,0.7575,0.68833333,0.6213511,0.7875,0.6766667,0.7439533,0.7414512,,0.8025,0.6075,0.6672227,0.78899086,0.7683333,0.74228525
69,PK,0.23496716,3.7007043,3.0231504,3.1426404,2.0350077,1.9255813,1.8516747,3.8460765,3.7175996,2.557672,2.7741215,2.2182376,2.4878185,2.5804076,2.3767705,,2.7092488,2.2354167,2.6164613,2.6222606,2.726852,2.4028778,0.93762577,0.77503777,0.79817903,0.3465246,0.32351422,0.29399255,0.9758551,0.9379728,0.5619048,0.6609035,0.43391395,0.55315614,0.5872027,0.49220964,,0.63566685,0.45260417,0.5918253,0.6020761,0.6404321,0.51667756
70,PL,0.25494674,3.6354864,2.8095963,2.9505327,2.1013932,2.3901384,2.441457,2.6580937,2.8202944,2.1196582,2.0810812,2.6185014,1.9033018,2.312256,2.4252965,2.4252965,1.9773083,1.6530775,2.1611755,2.3935378,2.2052927,2.565365,0.9784707,0.7669459,0.8721461,0.27941176,0.49394464,0.53078926,0.5711044,0.71417505,0.26573426,0.2859634,0.6070336,0.21147798,0.39578456,0.4869565,0.4869565,0.26212832,0.09032774,0.3268032,0.47721624,0.36327186,0.5662139
71,PR,0.17831542,3.5533807,2.8674378,3.0658362,1.898305,2.6317205,2.5771992,2.9839716,2.6812892,2.13125,1.8736463,2.4905999,1.6558139,1.7609489,2.1630323,,1.6936208,1.5004508,2.273056,2.9209344,2.2126126,2.506925,0.8985765,0.6841637,0.77046263,0.2560214,0.6191756,0.59605026,0.6847729,0.5702775,0.3125,0.21841155,0.48970458,0.14232558,0.19251825,0.37279335,,0.1509434,0.097385034,0.39511755,0.6792453,0.36306307,0.4875346
72,PT,0.16818558,3.6567657,2.9176373,2.8936522,2.2068107,2.6223958,2.5896552,2.745636,3.0120795,2.4694397,2.29,3.0849292,2.1885812,2.4699738,2.6536677,2.6536677,2.1509275,1.8780488,2.446714,2.601626,2.4354148,2.6995215,0.9661716,0.76622295,0.78070897,0.36378738,0.6154514,0.59827584,0.6458853,0.8170837,0.5152801,0.43272728,0.8534554,0.36764705,0.5343777,0.6694522,0.6694522,0.37605396,0.22203532,0.5230906,0.61969286,0.51924723,0.6880383
73,RO,0.12628591,3.756464,2.4352112,2.7251668,1.7622126,2.1173077,2.0519679,3.0246131,3.0401146,2.1685796,1.9496124,2.509629,1.7283951,2.05131,2.4251611,2.4251611,1.8089149,1.6113951,2.1153698,2.2724433,2.334452,2.4151468,0.9709993,0.4492958,0.64899963,0.123563215,0.30576923,0.2686282,0.7014768,0.7689828,0.30631277,0.21860465,0.5178317,0.16194627,0.29767102,0.486169,0.486169,0.19948849,0.105551496,0.30855593,0.39812645,0.4321402,0.48295003
74,RS,0.1744233,3.8449981,2.7689545,3.014636,1.9971932,2.353518,2.357755,2.6143317,2.6791074,1.7739588,1.8215963,2.3176851,1.8292989,2.0058382,1.8767635,1.8767635,1.9569714,1.650437,2.0876245,2.1542351,2.047364,1.7935103,0.988533,0.68595374,0.7990506,0.25581396,0.44605544,0.45029992,0.55595815,0.60283977,0.1415285,0.16645327,0.42857143,0.18113522,0.2564637,0.21410789,0.21410789,0.26272237,0.122347064,0.28363788,0.3202697,0.27429983,0.1854193
75,RU,0.23684211,3.8474107,2.8699164,2.9947252,1.9516311,2.249315,2.27062,2.763791,3.1228466,2.1814835,2.2276342,2.498438,2.300491,2.599416,2.0438206,1.8474004,2.5156116,2.1216176,2.2881088,2.4670415,2.4146554,1.955399,0.9814456,0.72618383,0.8006663,0.23622048,0.40730593,0.41872367,0.6411385,0.79949164,0.33550397,0.39728296,0.53535926,0.43032536,0.6020438,0.30948305,0.22147198,0.54654825,0.33452275,0.42631245,0.52421117,0.49432975,0.27565393
76,SE,0.6737649,3.8975651,3.3471987,3.5459142,2.8621275,3.1484716,3.2234685,2.445969,2.5967467,2.3457627,2.544905,3.0708861,2.712575,2.6510239,2.454625,2.454625,2.4961307,2.26707,2.5470536,2.775862,2.9321887,2.7692308,0.98992443,0.9235993,0.989048,0.7889362,0.89432317,0.93615186,0.49914238,0.56592464,0.42457628,0.5613126,0.849789,0.66210437,0.6322526,0.5034904,0.5034904,0.53912294,0.33621433,0.5576077,0.70086205,0.783691,0.6957649
77,SG,0.33983985,3.753984,2.840977,3.1101146,1.986527,2.477482,2.3669724,2.671275,3.035443,2.5784662,2.5311654,3.1024096,2.8389611,2.933775,2.5679164,,3.00905,2.5739677,2.6101253,2.806857,3.029156,2.5341191,0.9800797,0.7751745,0.90184355,0.17814371,0.5035824,0.4271152,0.59651816,0.83594936,0.5647537,0.5382114,0.8694779,0.732987,0.79826796,0.56177014,,0.8185018,0.5488761,0.6022965,0.72171426,0.82250637,0.53598017
78,SI,0.27169812,3.844925,2.8499062,3.1487372,1.8994361,2.316929,2.3666344,1.939793,2.4664145,2.2035646,1.9716797,2.727017,1.9319727,2.0698352,2.1575408,2.1575408,1.8959924,1.620591,2.2781587,2.5130942,2.043935,2.057505,0.9830827,0.7035647,0.85968196,0.14849624,0.39862204,0.42192048,0.2257761,0.46357617,0.31707317,0.20507812,0.63227016,0.17103985,0.24733269,0.30451488,0.30451488,0.15553436,0.05624404,0.35357493,0.5101843,0.23686723,0.25925925
79,SK,0.2133538,3.7271,3.017497,3.0392082,2.166026,2.4245014,2.2799034,2.5542545,2.744113,2.2525291,2.4176054,2.5170825,2.0867367,2.4777045,2.439747,2.439747,2.0050213,1.8583724,2.3915858,2.5384932,2.2092571,2.4473684,0.9821361,0.84518826,0.8717168,0.32013837,0.52503055,0.41884816,0.5538642,0.6868132,0.38365757,0.4993742,0.5523992,0.3177752,0.5327646,0.5199526,0.5199526,0.27809966,0.18896714,0.4789644,0.584191,0.37767404,0.5222039
80,TH,0.31368423,3.8197596,3.08166,2.9979892,2.0828283,2.254043,2.1390014,2.97016,2.674335,2.5949092,2.6045566,2.5564342,2.5723932,2.7024853,2.7662835,,2.5975254,2.3456974,2.6156862,2.8225377,2.9157588,2.718504,0.9766355,0.854083,0.80898124,0.27676767,0.35983828,0.29622132,0.74017465,0.6211359,0.54545456,0.5687551,0.54061824,0.56264067,0.61695904,0.6273946,,0.56404656,0.40356082,0.5717647,0.68944097,0.69716775,0.613189
81,TJ,0.20583333,3.9416666,3.0033333,2.7425,1.5841666,1.5758333,1.7091666,3.2012196,3.347751,2.7908847,2.7161016,3.201898,3.2772365,3.1246612,2.776271,2.4816177,3.4308736,2.8715596,2.7449856,2.7700381,3.170157,2.8434505,0.99083334,0.75166667,0.6016667,0.10333333,0.1425,0.19833334,0.7987805,0.88754326,0.6121537,0.5741525,0.83434,0.85562444,0.7732611,0.63276833,0.4852941,0.90839696,0.63669723,0.56924546,0.6097328,0.8071553,0.6666667
82,TN,0.14249147,3.6011658,2.8006644,2.7908714,2.0373755,2.0645432,2.057596,2.5407221,3.0521448,2.0033898,1.9131205,2.4642556,1.4873097,1.9718909,1.7475538,,1.5954392,1.4362869,1.9619132,2.3050847,2.4511986,1.5667976,0.9150708,0.7018272,0.6863071,0.30730897,0.32606873,0.31886476,0.49034426,0.73254836,0.23559321,0.22340426,0.46930194,0.08798646,0.23594548,0.13894325,,0.120777026,0.070886075,0.21346325,0.36889333,0.46832192,0.08939096
83,TR,0.14261603,3.7932036,2.9858804,2.7754254,1.9987541,2.1556134,2.1301162,2.8713746,3.295816,2.3326342,2.383223,3.1848145,2.632879,2.679165,2.1186514,2.1186514,2.8636363,2.49618,2.4496527,2.5107222,2.9275544,2.1310315,0.9697472,0.820598,0.7106683,0.25207642,0.34286952,0.32313657,0.7150063,0.86025107,0.44001678,0.47240618,0.8427201,0.6081772,0.629314,0.33231172,0.33231172,0.6990741,0.5152801,0.50737846,0.56017506,0.74539363,0.3355467
84,TW,0.3098937,3.7857728,2.901063,3.154538,2.207686,2.5347507,2.3777597,2.58615,2.7316053,2.0918963,2.5399141,2.990156,2.092965,2.6608624,,2.5483253,2.4533334,1.9933223,2.63644,2.7854185,2.5376885,2.4955437,0.9828291,0.7906787,0.9354047,0.28209323,0.5494685,0.44889617,0.569662,0.6479933,0.26566416,0.5570815,0.82444626,0.2964824,0.6525705,,0.54545456,0.5183333,0.23038398,0.62468517,0.71499586,0.56532663,0.50980395
85,UA,0.28673837,3.8197634,2.9003832,2.8848846,2.0359712,2.3434749,2.3599043,2.8367202,2.9044564,2.1222062,2.0884383,2.217032,1.8172389,2.2360704,2.4285715,2.4285715,1.8340596,1.7532609,2.1747212,2.2853174,1.852003,2.4799504,0.9819068,0.77568793,0.78691393,0.25467625,0.44235387,0.4631327,0.69197863,0.7418895,0.33129054,0.3308887,0.39130434,0.20243205,0.39149562,0.5255102,0.5255102,0.19607843,0.16811594,0.36761668,0.43333334,0.21735905,0.55890864
86,US,0.39737147,3.5367079,2.761997,3.1962762,2.2298763,2.7744448,2.7834568,2.5188642,3.0676517,2.1205895,2.232066,2.8122575,1.9050214,2.3577585,2.2779312,,2.0763862,1.8553092,2.1958723,2.5649123,2.6127775,2.3763692,0.94783616,0.71710527,0.9134988,0.3885449,0.74483836,0.7479516,0.5145858,0.8013219,0.30283055,0.34104273,0.68968195,0.14168938,0.42123824,0.36794314,,0.31019774,0.10268378,0.3080218,0.55048734,0.57615894,0.44757435
87,UY,0.14859438,3.5850956,2.6727457,3.0060914,1.828045,2.305814,2.3656037,2.179878,2.4892087,2.0523615,2.0528498,2.8264794,2.3160126,2.5092592,2.2471783,,2.5025432,2.0391753,2.3966246,2.9322917,2.6953368,2.3710046,0.9023162,0.61296856,0.7390863,0.24564995,0.47093022,0.50797266,0.36585367,0.5056526,0.31827515,0.34507772,0.6549649,0.4506893,0.5329218,0.42099324,,0.52797556,0.32061857,0.47995782,0.6958333,0.59274614,0.47146118
88,UZ,0.34710744,3.8097913,2.8004827,2.572925,1.8139724,1.9830508,2.0972104,3.3165584,3.6078906,2.8790324,2.7349298,3.2615013,3.0430107,3.0965126,2.967798,2.749775,3.285134,2.8517299,2.779253,2.6985726,3.149266,2.9648814,0.97512037,0.7216412,0.5753425,0.21445979,0.29915255,0.3584108,0.8766234,0.9178744,0.68225807,0.63336086,0.82728004,0.7510339,0.7996756,0.71627504,0.63366336,0.8415922,0.67298186,0.65975106,0.6171285,0.8050571,0.72080773
89,VE,0.14201681,3.642017,2.6218488,2.57479,1.7478992,2.1571429,1.9983193,2.9462185,1.884874,2.0428572,1.6226891,1.7184874,1.6605042,1.7529411,1.87479,,1.6907563,1.6277311,2.2663865,2.3336134,1.7521008,1.9294118,0.92689073,0.5596639,0.53781515,0.15042017,0.36806723,0.2789916,0.6647059,0.20840336,0.2487395,0.10420168,0.14453782,0.14957984,0.1605042,0.22857143,,0.17310925,0.11596639,0.4042017,0.4579832,0.1605042,0.26638657
90,VN,0.27666667,3.9325,3.005,2.8666666,2.1275,2.2683334,2.1533334,3.1423757,3.2240205,2.8712955,3.0650477,3.1597981,3.2693632,2.9801896,3.1218836,,3.2971137,3.2020288,2.9486063,3.0619621,3.200851,3.1688433,0.99583334,0.9141667,0.8283333,0.30833334,0.40333334,0.3425,0.9031171,0.9318569,0.80609655,0.89158714,0.9116905,0.94406193,0.8647717,0.89750695,,0.94651955,0.9408284,0.8466899,0.89672977,0.92680854,0.9020522
91,ZW,0.021416804,3.7240527,2.758877,2.7370157,1.874484,2.4987574,2.1729012,3.0288303,2.5399334,2.118687,2.4723873,2.5090759,2.301495,2.5041528,2.6978354,,2.4693708,2.014226,2.6627614,2.7455318,2.5074751,2.8062284,0.95304775,0.6895128,0.6545754,0.2601156,0.54183924,0.3990025,0.6836903,0.51663893,0.31734008,0.49277824,0.5049505,0.4435216,0.52408636,0.61904764,,0.51986754,0.2912134,0.6008368,0.64340425,0.52408636,0.6600346
